{"backend": "scratch", "max_len": 40, "acc": 0.7381666666666666, "f1": 0.7687325187693214}